<?xml version="1.0" encoding="utf-8" ?>
<dwsync>
<file name="logo.png" server="C:/Apache/htdocs/" local="131231535560000000" remote="131231535560000000" Dst="0" />
<file name="preschool.png" server="C:/Apache/htdocs/" local="131231535560000000" remote="131231535560000000" Dst="0" />
<file name="teach.jpg" server="C:/Apache/htdocs/" local="131231535560000000" remote="131231535560000000" Dst="0" />
<file name="face_icon.png" server="C:/Apache/htdocs/" local="131231535560000000" remote="131231535560000000" Dst="0" />
<file name="youtube_icon.png" server="C:/Apache/htdocs/" local="131231535560000000" remote="131231535560000000" Dst="0" />
<file name="ui-icons_444444_256x240.png" server="C:/Apache/htdocs/" local="131231535540000000" remote="131231535540000000" Dst="0" />
<file name="ui-icons_777777_256x240.png" server="C:/Apache/htdocs/" local="131231535540000000" remote="131231535540000000" Dst="0" />
<file name="ui-icons_555555_256x240.png" server="C:/Apache/htdocs/" local="131231535540000000" remote="131231535540000000" Dst="0" />
<file name="ui-icons_ffffff_256x240.png" server="C:/Apache/htdocs/" local="131231535540000000" remote="131231535540000000" Dst="0" />
<file name="ui-icons_777620_256x240.png" server="C:/Apache/htdocs/" local="131231535540000000" remote="131231535540000000" Dst="0" />
<file name="ui-icons_cc0000_256x240.png" server="C:/Apache/htdocs/" local="131231535540000000" remote="131231535540000000" Dst="0" />
<file name="enroll.png" server="C:/Apache/htdocs/" local="131231320844128351" remote="131231320840000000" Dst="0" />
</dwsync>